Headline,Link
"Germany troop cuts send wrong signal to Russia, say two top US Republicans",https://www.bbc.com/news/articles/cewpx5yvwyxo
Russian strikes kill 10 as Zelensky says Ukraine hits oil tankers and terminal,https://www.bbc.com/news/articles/clyp41v1n1go
"Love, lies, angry ghosts: Indians are bingeing on two-minute dramas",https://www.bbc.com/news/articles/c3v2k3xvr04o
Police officer lowered into crocodile-infested river to recover human remains,https://www.bbc.com/news/articles/cz92gk18xn4o
"Two US service members reported missing in Morocco, officials say",https://www.bbc.com/news/articles/cn7prznmllko
Dragonflies in distress: Scientists sound alarm in India's ecological hotspot,https://www.bbc.com/news/articles/cx2107kzyreo
The world wants to eliminate cervical cancer - how Australian scientists led the way,https://www.bbc.com/news/articles/cd6w15vgp7lo
Voters will judge Trump on the economy - how is it doing?,https://www.bbc.com/news/articles/cgepyv20vrpo
Concern for jailed Iranian Nobel laureate as brother fears she is dying,https://www.bbc.com/news/articles/c362pd8epw9o
The Iran war has strengthened Ukraine in surprising ways. Could a ceasefire with Russia be closer?,https://www.bbc.com/news/articles/cgjp7vpee03o
Musk's AI told me people were coming to kill me. I grabbed a hammer and prepared for war,https://www.bbc.com/news/articles/c242pzr1zp2o
Man charged with murder and sexual assault of 5-year-old Australian girl,https://www.bbc.com/news/articles/cy92qennznjo
Watch: Huge crowd attends free Shakira Copacabana beach concert,https://www.bbc.com/news/videos/c8r8j50zxnno
"From beds to LED masks, is the red light craze giving us more than just a warm glow?",https://www.bbc.com/news/articles/c2lw59jrdkxo
The clandestine network smuggling Starlink tech into Iran to beat internet blackout,https://www.bbc.com/news/articles/cvgzk91leweo
Is it advantage Arsenal in dramatic title race?,https://www.bbc.com/sport/football/articles/c6269y4gdlxo
Dragonflies in distress: Scientists sound alarm in India's ecological hotspot,https://www.bbc.com/news/articles/cx2107kzyreo
Laufey on making jazz cool again (and the fish that brought out her inner rage),https://www.bbc.com/news/articles/c99lvggdy4jo
What death doulas can teach us about dying,https://www.bbc.com/news/articles/cp9vp0ld1leo
Kenya battles to stop the 'goons and guns' as fears of political violence grow,https://www.bbc.com/news/articles/c9qdz0p0x5qo
"Remarkable life of F1 legend Zanardi, a 21st century hero who inspired millions",https://www.bbc.com/sport/formula1/articles/c5y7x763wx5o
Huge crowd attends free Shakira Copacabana beach concert,https://www.bbc.com/news/videos/c8r8j50zxnno
How we reported in -30C temperatures in Canada's Arctic,https://www.bbc.com/news/videos/cvgz3pnn1ppo
'Sex for grades': Undercover in West African universities,https://www.bbc.com/news/world-africa-49907376
"Manchester born and bred, but moving to Israel",https://www.bbc.com/news/videos/c3d2exme3ddo
Two women die trying to cross English Channel in small boat,https://www.bbc.com/news/articles/cvgz6q7p7n7o
How we reported in -30C temperatures in Canada's Arctic,https://www.bbc.com/news/videos/cvgz3pnn1ppo
"'If we sleep, they bite': Rats and weasels infest camps for displaced Gazans",https://www.bbc.com/news/articles/c202m54xp0mo
Cherie DeVaux became the first female trainer to win the Kentucky Derby,https://www.bbc.com/sport/horse-racing/articles/ce3plndgkreo
King launches Space Agency project on final day in Bermuda,https://www.bbc.com/news/articles/cn4pvnpejw9o
California to begin ticketing driverless cars that violate traffic laws,https://www.bbc.com/news/articles/clypjx3rg2go
"Love, lies, angry ghosts: Indians are bingeing on two-minute dramas",https://www.bbc.com/news/articles/c3v2k3xvr04o
US threatens shipping firms with sanctions if they pay Iran tolls,https://www.bbc.com/news/articles/c3v2l2qq9qlo
Police officer lowered into crocodile-infested river to recover human remains,https://www.bbc.com/news/articles/cz92gk18xn4o
"Two US service members reported missing in Morocco, officials say",https://www.bbc.com/news/articles/cn7prznmllko
"Germany troop cuts send wrong signal to Russia, say two top US Republicans",https://www.bbc.com/news/articles/cewpx5yvwyxo
Man charged with murder and sexual assault of 5-year-old Australian girl,https://www.bbc.com/news/articles/cy92qennznjo
Voters will judge Trump on the economy - how is it doing?,https://www.bbc.com/news/articles/cgepyv20vrpo
Russian strikes kill 10 as Zelensky says Ukraine hits oil tankers and terminal,https://www.bbc.com/news/articles/clyp41v1n1go
Man and woman die and three injured in house blast,https://www.bbc.com/news/articles/c202w3lzdvjo
The Iran war has strengthened Ukraine in surprising ways. Could a ceasefire with Russia be closer?,https://www.bbc.com/news/articles/cgjp7vpee03o
Musk's AI told me people were coming to kill me. I grabbed a hammer and prepared for war,https://www.bbc.com/news/articles/c242pzr1zp2o
"From beds to LED masks, is the red light craze giving us more than just a warm glow?",https://www.bbc.com/news/articles/c2lw59jrdkxo
Ferguson taken to hospital as precaution before Man Utd v Liverpool,https://www.bbc.com/sport/football/articles/c0r2nvpvylxo
Murphy & Wu level in world final after spectator ejected for jumping barrier,https://www.bbc.com/sport/snooker/articles/c202e1xw746o
